{
    "drinks": [
        {
            "idDrink": "17222",
            "strDrink": "A1",
            "strDrinkAlternate": null,
            "strTags": null,
            "strVideo": null,
            "strCategory": "Cocktail",
            "strIBA": null,
            "strAlcoholic": "Alcoholic",
            "strGlass": "Cocktail glass",
            "strInstructions": "Pour all ingredients into a cocktail shaker, mix and serve over ice into a chilled glass.",
            "strInstructionsES": "Vierta todos los ingredientes en una coctelera, mezcle y sirva con hielo en un vaso fr\u00edo.",
            "strInstructionsDE": "Alle Zutaten in einen Cocktailshaker geben, mischen und \u00fcber Eis in ein gek\u00fchltes Glas servieren.",
            "strInstructionsFR": null,
            "strInstructionsIT": "Versare tutti gli ingredienti in uno shaker, mescolare e servire con ghiaccio in un bicchiere freddo.",
            "strInstructionsZH-HANS": null,
            "strInstructionsZH-HANT": null,
            "strDrinkThumb": "https:\/\/www.thecocktaildb.com\/images\/media\/drink\/2x8thr1504816928.jpg",
            "strIngredient1": "Gin",
            "strIngredient2": "Grand Marnier",
            "strIngredient3": "Lemon Juice",
            "strIngredient4": "Grenadine",
            "strIngredient5": null,
            "strIngredient6": null,
            "strIngredient7": null,
            "strIngredient8": null,
            "strIngredient9": null,
            "strIngredient10": null,
            "strIngredient11": null,
            "strIngredient12": null,
            "strIngredient13": null,
            "strIngredient14": null,
            "strIngredient15": null,
            "strMeasure1": "1 3\/4 shot ",
            "strMeasure2": "1 Shot ",
            "strMeasure3": "1\/4 Shot",
            "strMeasure4": "1\/8 Shot",
            "strMeasure5": null,
            "strMeasure6": null,
            "strMeasure7": null,
            "strMeasure8": null,
            "strMeasure9": null,
            "strMeasure10": null,
            "strMeasure11": null,
            "strMeasure12": null,
            "strMeasure13": null,
            "strMeasure14": null,
            "strMeasure15": null,
            "strImageSource": null,
            "strImageAttribution": null,
            "strCreativeCommonsConfirmed": "No",
            "dateModified": "2017-09-07 21:42:09"
        },
        {
            "idDrink": "13501",
            "strDrink": "ABC",
            "strDrinkAlternate": null,
            "strTags": null,
            "strVideo": null,
            "strCategory": "Shot",
            "strIBA": null,
            "strAlcoholic": "Alcoholic",
            "strGlass": "Shot glass",
            "strInstructions": "Layered in a shot glass.",
            "strInstructionsES": "Coloque todos los ingredientes en un vaso de chupito.",
            "strInstructionsDE": "Schichtaufbau in einem Schnapsglas.",
            "strInstructionsFR": null,
            "strInstructionsIT": "Versa in ordine di lettera i vari ingredienti. 1\/3 del bicchiere va riempito con l'Amaretto, 1\/3 di Baileys e il restante di Cognac.",
            "strInstructionsZH-HANS": null,
            "strInstructionsZH-HANT": null,
            "strDrinkThumb": "https:\/\/www.thecocktaildb.com\/images\/media\/drink\/tqpvqp1472668328.jpg",
            "strIngredient1": "Amaretto",
            "strIngredient2": "Baileys irish cream",
            "strIngredient3": "Cognac",
            "strIngredient4": null,
            "strIngredient5": null,
            "strIngredient6": null,
            "strIngredient7": null,
            "strIngredient8": null,
            "strIngredient9": null,
            "strIngredient10": null,
            "strIngredient11": null,
            "strIngredient12": null,
            "strIngredient13": null,
            "strIngredient14": null,
            "strIngredient15": null,
            "strMeasure1": "1\/3 ",
            "strMeasure2": "1\/3 ",
            "strMeasure3": "1\/3 ",
            "strMeasure4": null,
            "strMeasure5": null,
            "strMeasure6": null,
            "strMeasure7": null,
            "strMeasure8": null,
            "strMeasure9": null,
            "strMeasure10": null,
            "strMeasure11": null,
            "strMeasure12": null,
            "strMeasure13": null,
            "strMeasure14": null,
            "strMeasure15": null,
            "strImageSource": null,
            "strImageAttribution": null,
            "strCreativeCommonsConfirmed": "No",
            "dateModified": "2016-08-31 19:32:08"
        },
        {
            "idDrink": "17225",
            "strDrink": "Ace",
            "strDrinkAlternate": null,
            "strTags": null,
            "strVideo": null,
            "strCategory": "Cocktail",
            "strIBA": null,
            "strAlcoholic": "Alcoholic",
            "strGlass": "Martini Glass",
            "strInstructions": "Shake all the ingredients in a cocktail shaker and ice then strain in a cold glass.",
            "strInstructionsES": "Agite todos los ingredientes en una coctelera con hielo y entonces cu\u00e9lelos sobre un vaso enfriado.",
            "strInstructionsDE": "Alle Zutaten in einem Cocktailshaker mit Eis sch\u00fctteln und dann in einem kalten Glas abseihen.",
            "strInstructionsFR": null,
            "strInstructionsIT": "Shakerare tutti gli ingredienti in uno shaker e ghiaccio, quindi filtrare in un bicchiere freddo.",
            "strInstructionsZH-HANS": null,
            "strInstructionsZH-HANT": null,
            "strDrinkThumb": "https:\/\/www.thecocktaildb.com\/images\/media\/drink\/l3cd7f1504818306.jpg",
            "strIngredient1": "Gin",
            "strIngredient2": "Grenadine",
            "strIngredient3": "Heavy cream",
            "strIngredient4": "Milk",
            "strIngredient5": "Egg White",
            "strIngredient6": null,
            "strIngredient7": null,
            "strIngredient8": null,
            "strIngredient9": null,
            "strIngredient10": null,
            "strIngredient11": null,
            "strIngredient12": null,
            "strIngredient13": null,
            "strIngredient14": null,
            "strIngredient15": null,
            "strMeasure1": "2 shots ",
            "strMeasure2": "1\/2 shot ",
            "strMeasure3": "1\/2 shot ",
            "strMeasure4": "1\/2 shot",
            "strMeasure5": "1\/2 Fresh",
            "strMeasure6": null,
            "strMeasure7": null,
            "strMeasure8": null,
            "strMeasure9": null,
            "strMeasure10": null,
            "strMeasure11": null,
            "strMeasure12": null,
            "strMeasure13": null,
            "strMeasure14": null,
            "strMeasure15": null,
            "strImageSource": null,
            "strImageAttribution": null,
            "strCreativeCommonsConfirmed": "No",
            "dateModified": "2017-09-07 22:05:06"
        },
        {
            "idDrink": "14610",
            "strDrink": "ACID",
            "strDrinkAlternate": null,
            "strTags": null,
            "strVideo": null,
            "strCategory": "Shot",
            "strIBA": null,
            "strAlcoholic": "Alcoholic",
            "strGlass": "Shot glass",
            "strInstructions": "Poor in the 151 first followed by the 101 served with a Coke or Dr Pepper chaser.",
            "strInstructionsES": "Vierta primero el Bacardi 151, seguido del Wild Turkey 101 y sirva con Coca-Cola o Dr Pepper.",
            "strInstructionsDE": "Gering den 151 gefolgt von der 101, die mit einer Cola oder Dr. Pepper Chaser serviert wird.",
            "strInstructionsFR": null,
            "strInstructionsIT": "Versa prima il Bacardi 151 seguito dal 101, servito con una Coca-Cola.",
            "strInstructionsZH-HANS": null,
            "strInstructionsZH-HANT": null,
            "strDrinkThumb": "https:\/\/www.thecocktaildb.com\/images\/media\/drink\/xuxpxt1479209317.jpg",
            "strIngredient1": "151 proof rum",
            "strIngredient2": "Wild Turkey",
            "strIngredient3": null,
            "strIngredient4": null,
            "strIngredient5": null,
            "strIngredient6": null,
            "strIngredient7": null,
            "strIngredient8": null,
            "strIngredient9": null,
            "strIngredient10": null,
            "strIngredient11": null,
            "strIngredient12": null,
            "strIngredient13": null,
            "strIngredient14": null,
            "strIngredient15": null,
            "strMeasure1": "1 oz Bacardi ",
            "strMeasure2": "1 oz ",
            "strMeasure3": null,
            "strMeasure4": null,
            "strMeasure5": null,
            "strMeasure6": null,
            "strMeasure7": null,
            "strMeasure8": null,
            "strMeasure9": null,
            "strMeasure10": null,
            "strMeasure11": null,
            "strMeasure12": null,
            "strMeasure13": null,
            "strMeasure14": null,
            "strMeasure15": null,
            "strImageSource": null,
            "strImageAttribution": null,
            "strCreativeCommonsConfirmed": "No",
            "dateModified": "2016-11-15 11:28:37"
        },
        {
            "idDrink": "17837",
            "strDrink": "Adam",
            "strDrinkAlternate": null,
            "strTags": "Alcoholic,Holiday",
            "strVideo": null,
            "strCategory": "Ordinary Drink",
            "strIBA": null,
            "strAlcoholic": "Alcoholic",
            "strGlass": "Cocktail glass",
            "strInstructions": "In a shaker half-filled with ice cubes, combine all of the ingredients. Shake well. Strain into a cocktail glass.",
            "strInstructionsES": "Mezclar todos los ingredientes en una coctelera con cubitos de hielo hasta la mitad. Agitar bien. Colar el contenido en un vaso de c\u00f3ctel.",
            "strInstructionsDE": "In einem Shaker, der halb mit Eisw\u00fcrfeln gef\u00fcllt ist, alle Zutaten vermengen. Gut sch\u00fctteln. In ein Cocktailglas abseihen.",
            "strInstructionsFR": null,
            "strInstructionsIT": "In uno shaker riempito a met\u00e0 con cubetti di ghiaccio, unire tutti gli ingredienti.Agitare bene.Filtrare in un bicchiere da cocktail.",
            "strInstructionsZH-HANS": null,
            "strInstructionsZH-HANT": null,
            "strDrinkThumb": "https:\/\/www.thecocktaildb.com\/images\/media\/drink\/v0at4i1582478473.jpg",
            "strIngredient1": "Dark rum",
            "strIngredient2": "Lemon juice",
            "strIngredient3": "Grenadine",
            "strIngredient4": null,
            "strIngredient5": null,
            "strIngredient6": null,
            "strIngredient7": null,
            "strIngredient8": null,
            "strIngredient9": null,
            "strIngredient10": null,
            "strIngredient11": null,
            "strIngredient12": null,
            "strIngredient13": null,
            "strIngredient14": null,
            "strIngredient15": null,
            "strMeasure1": "2 oz ",
            "strMeasure2": "1 oz ",
            "strMeasure3": "1 tsp ",
            "strMeasure4": null,
            "strMeasure5": null,
            "strMeasure6": null,
            "strMeasure7": null,
            "strMeasure8": null,
            "strMeasure9": null,
            "strMeasure10": null,
            "strMeasure11": null,
            "strMeasure12": null,
            "strMeasure13": null,
            "strMeasure14": null,
            "strMeasure15": null,
            "strImageSource": null,
            "strImageAttribution": null,
            "strCreativeCommonsConfirmed": "Yes",
            "dateModified": "2016-09-02 11:29:29"
        },
        {
            "idDrink": "13938",
            "strDrink": "AT&T",
            "strDrinkAlternate": null,
            "strTags": null,
            "strVideo": null,
            "strCategory": "Ordinary Drink",
            "strIBA": null,
            "strAlcoholic": "Alcoholic",
            "strGlass": "Highball Glass",
            "strInstructions": "Pour Vodka and Gin over ice, add Tonic and Stir",
            "strInstructionsES": "Vierta el vodka y la ginebra sobre el hielo, agregue la t\u00f3nica y revuelva.",
            "strInstructionsDE": "Wodka und Gin \u00fcber das Eis gie\u00dfen, Tonic hinzuf\u00fcgen und umr\u00fchren.",
            "strInstructionsFR": null,
            "strInstructionsIT": "Versare la vodka e il gin sul ghiaccio, aggiungere l'acqua tonica e mescolare",
            "strInstructionsZH-HANS": null,
            "strInstructionsZH-HANT": null,
            "strDrinkThumb": "https:\/\/www.thecocktaildb.com\/images\/media\/drink\/rhhwmp1493067619.jpg",
            "strIngredient1": "Absolut Vodka",
            "strIngredient2": "Gin",
            "strIngredient3": "Tonic water",
            "strIngredient4": null,
            "strIngredient5": null,
            "strIngredient6": null,
            "strIngredient7": null,
            "strIngredient8": null,
            "strIngredient9": null,
            "strIngredient10": null,
            "strIngredient11": null,
            "strIngredient12": null,
            "strIngredient13": null,
            "strIngredient14": null,
            "strIngredient15": null,
            "strMeasure1": "1 oz ",
            "strMeasure2": "1 oz ",
            "strMeasure3": "4 oz ",
            "strMeasure4": null,
            "strMeasure5": null,
            "strMeasure6": null,
            "strMeasure7": null,
            "strMeasure8": null,
            "strMeasure9": null,
            "strMeasure10": null,
            "strMeasure11": null,
            "strMeasure12": null,
            "strMeasure13": null,
            "strMeasure14": null,
            "strMeasure15": null,
            "strImageSource": null,
            "strImageAttribution": null,
            "strCreativeCommonsConfirmed": "No",
            "dateModified": "2017-04-24 22:00:19"
        },
        {
            "idDrink": "17833",
            "strDrink": "A. J.",
            "strDrinkAlternate": null,
            "strTags": null,
            "strVideo": null,
            "strCategory": "Ordinary Drink",
            "strIBA": null,
            "strAlcoholic": "Alcoholic",
            "strGlass": "Cocktail glass",
            "strInstructions": "Shake ingredients with ice, strain into a cocktail glass, and serve.",
            "strInstructionsES": "Agite bien los ingredientes con hielo, cu\u00e9lelos en una copa de c\u00f3ctel y sirva.",
            "strInstructionsDE": null,
            "strInstructionsFR": null,
            "strInstructionsIT": "Shakerare gli ingredienti con ghiaccio, filtrare in una coppetta da cocktail e servire.",
            "strInstructionsZH-HANS": null,
            "strInstructionsZH-HANT": null,
            "strDrinkThumb": "https:\/\/www.thecocktaildb.com\/images\/media\/drink\/l74qo91582480316.jpg",
            "strIngredient1": "Applejack",
            "strIngredient2": "Grapefruit juice",
            "strIngredient3": null,
            "strIngredient4": null,
            "strIngredient5": null,
            "strIngredient6": null,
            "strIngredient7": null,
            "strIngredient8": null,
            "strIngredient9": null,
            "strIngredient10": null,
            "strIngredient11": null,
            "strIngredient12": null,
            "strIngredient13": null,
            "strIngredient14": null,
            "strIngredient15": null,
            "strMeasure1": "1 1\/2 oz ",
            "strMeasure2": "1 oz ",
            "strMeasure3": null,
            "strMeasure4": null,
            "strMeasure5": null,
            "strMeasure6": null,
            "strMeasure7": null,
            "strMeasure8": null,
            "strMeasure9": null,
            "strMeasure10": null,
            "strMeasure11": null,
            "strMeasure12": null,
            "strMeasure13": null,
            "strMeasure14": null,
            "strMeasure15": null,
            "strImageSource": null,
            "strImageAttribution": null,
            "strCreativeCommonsConfirmed": "Yes",
            "dateModified": "2016-09-02 11:16:58"
        },
        {
            "idDrink": "17839",
            "strDrink": "Affair",
            "strDrinkAlternate": null,
            "strTags": null,
            "strVideo": null,
            "strCategory": "Ordinary Drink",
            "strIBA": null,
            "strAlcoholic": "Alcoholic",
            "strGlass": "Highball glass",
            "strInstructions": "Pour schnapps, orange juice, and cranberry juice over ice in a highball glass. Top with club soda and serve.",
            "strInstructionsES": "Vierta el Schnapps, el jugo de naranja y el jugo de ar\u00e1ndano sobre hielo en un vaso alto. Complete con el agua carbonatada y sirva.",
            "strInstructionsDE": "Gie\u00dfen Sie Schnaps, Orangensaft und Cranberrysaft \u00fcber Eis in ein Highball-Glas. Mit Club-Soda \u00fcberziehen und servieren.",
            "strInstructionsFR": null,
            "strInstructionsIT": "Versare la grappa, il succo d'arancia e il succo di mirtillo rosso sul ghiaccio in un bicchiere highball. Completare con la soda club e servire.",
            "strInstructionsZH-HANS": null,
            "strInstructionsZH-HANT": null,
            "strDrinkThumb": "https:\/\/www.thecocktaildb.com\/images\/media\/drink\/h5za6y1582477994.jpg",
            "strIngredient1": "Strawberry schnapps",
            "strIngredient2": "Orange juice",
            "strIngredient3": "Cranberry juice",
            "strIngredient4": "Club soda",
            "strIngredient5": null,
            "strIngredient6": null,
            "strIngredient7": null,
            "strIngredient8": null,
            "strIngredient9": null,
            "strIngredient10": null,
            "strIngredient11": null,
            "strIngredient12": null,
            "strIngredient13": null,
            "strIngredient14": null,
            "strIngredient15": null,
            "strMeasure1": "2 oz ",
            "strMeasure2": "2 oz ",
            "strMeasure3": "2 oz ",
            "strMeasure4": null,
            "strMeasure5": null,
            "strMeasure6": null,
            "strMeasure7": null,
            "strMeasure8": null,
            "strMeasure9": null,
            "strMeasure10": null,
            "strMeasure11": null,
            "strMeasure12": null,
            "strMeasure13": null,
            "strMeasure14": null,
            "strMeasure15": null,
            "strImageSource": null,
            "strImageAttribution": null,
            "strCreativeCommonsConfirmed": "Yes",
            "dateModified": "2016-09-01 10:05:34"
        },
        {
            "idDrink": "15106",
            "strDrink": "Apello",
            "strDrinkAlternate": null,
            "strTags": null,
            "strVideo": null,
            "strCategory": "Other \/ Unknown",
            "strIBA": null,
            "strAlcoholic": "Non alcoholic",
            "strGlass": "Collins Glass",
            "strInstructions": "Stirr. Grnish with maraschino cherry.",
            "strInstructionsES": "Mezclar. Decorar con cereza marrasquino.",
            "strInstructionsDE": "R\u00fchren. Mit Maraschinokirsche garnieren.",
            "strInstructionsFR": null,
            "strInstructionsIT": "Versare tutti gli ingredienti in un mixing glass. Mescolate.\r\nGuarnire con una ciliegia al maraschino.",
            "strInstructionsZH-HANS": null,
            "strInstructionsZH-HANT": null,
            "strDrinkThumb": "https:\/\/www.thecocktaildb.com\/images\/media\/drink\/uptxtv1468876415.jpg",
            "strIngredient1": "Orange juice",
            "strIngredient2": "Grapefruit juice",
            "strIngredient3": "Apple juice",
            "strIngredient4": "Maraschino cherry",
            "strIngredient5": null,
            "strIngredient6": null,
            "strIngredient7": null,
            "strIngredient8": null,
            "strIngredient9": null,
            "strIngredient10": null,
            "strIngredient11": null,
            "strIngredient12": null,
            "strIngredient13": null,
            "strIngredient14": null,
            "strIngredient15": null,
            "strMeasure1": "4 cl ",
            "strMeasure2": "3 cl ",
            "strMeasure3": "1 cl ",
            "strMeasure4": "1 ",
            "strMeasure5": null,
            "strMeasure6": null,
            "strMeasure7": null,
            "strMeasure8": null,
            "strMeasure9": null,
            "strMeasure10": null,
            "strMeasure11": null,
            "strMeasure12": null,
            "strMeasure13": null,
            "strMeasure14": null,
            "strMeasure15": null,
            "strImageSource": null,
            "strImageAttribution": null,
            "strCreativeCommonsConfirmed": "No",
            "dateModified": "2016-07-18 22:13:35"
        },
        {
            "idDrink": "15266",
            "strDrink": "Avalon",
            "strDrinkAlternate": null,
            "strTags": null,
            "strVideo": null,
            "strCategory": "Ordinary Drink",
            "strIBA": null,
            "strAlcoholic": "Alcoholic",
            "strGlass": "Highball glass",
            "strInstructions": "Fill a tall glass with ice. Layer the Finlandia Vodka, lemon and apple juices, Pisang Ambon, and top up with lemonade. Stir slightly and garnish with a spiralled cucumber skin and a red cherry. The cucumber provides zest and looks attractive. This drink, created by Timo Haimi, took first prize in the 1991 Finlandia Vodka Long Drink Competition.",
            "strInstructionsES": "Llena un vaso alto con hielo. Agregue el vodka, los jugos de lim\u00f3n y manzana, el licor de pl\u00e1tano Pisang Ambon y complete con limonada. Revuelva ligeramente y adorne con una c\u00e1scara de pepino en espiral y una cereza roja. El pepino proporciona entusiasmo y se ve atractivo. Esta bebida, creada por Timo Haimi, gan\u00f3 el primer premio en el Concurso de Tragos Largos de Vodka de Finlandia de 1991.",
            "strInstructionsDE": "F\u00fcllen Sie ein hohes Glas mit Eis. Legen Sie den Finlandia Wodka, Zitronen- und Apfels\u00e4fte, Pisang Ambon und geben Sie Limonade dazu. Leicht umr\u00fchren und mit einer spiralf\u00f6rmigen Gurkenhaut und einer roten Kirsche garnieren. Die Gurke sorgt f\u00fcr Sch\u00e4rfe und sieht attraktiv aus. Dieses von Timo Haimi kreierte Getr\u00e4nk erhielt 1991 den ersten Preis beim Finlandia Wodka Long Drink Wettbewerb.",
            "strInstructionsFR": null,
            "strInstructionsIT": "Riempi un bicchiere alto di ghiaccio.\r\nVersare la Vodka, succhi di limone, mela, Pisang Ambon o un liquore alla banana e completare con la limonata.\r\nMescolare leggermente e guarnire con una buccia di cetriolo a spirale e una ciliegia rossa.\r\nIl cetriolo fornisce la scorza e sembra attraente.\r\nQuesta bevanda, creata da Timo Haimi, ha vinto il primo premio nel 1991 Finlandia Vodka Long Drink Competition.",
            "strInstructionsZH-HANS": null,
            "strInstructionsZH-HANT": null,
            "strDrinkThumb": "https:\/\/www.thecocktaildb.com\/images\/media\/drink\/3k9qic1493068931.jpg",
            "strIngredient1": "Vodka",
            "strIngredient2": "Pisang Ambon",
            "strIngredient3": "Apple juice",
            "strIngredient4": "Lemon juice",
            "strIngredient5": "Lemonade",
            "strIngredient6": null,
            "strIngredient7": null,
            "strIngredient8": null,
            "strIngredient9": null,
            "strIngredient10": null,
            "strIngredient11": null,
            "strIngredient12": null,
            "strIngredient13": null,
            "strIngredient14": null,
            "strIngredient15": null,
            "strMeasure1": "3 parts",
            "strMeasure2": "1 part ",
            "strMeasure3": "6 parts ",
            "strMeasure4": "1 1\/2 part ",
            "strMeasure5": null,
            "strMeasure6": null,
            "strMeasure7": null,
            "strMeasure8": null,
            "strMeasure9": null,
            "strMeasure10": null,
            "strMeasure11": null,
            "strMeasure12": null,
            "strMeasure13": null,
            "strMeasure14": null,
            "strMeasure15": null,
            "strImageSource": null,
            "strImageAttribution": null,
            "strCreativeCommonsConfirmed": "No",
            "dateModified": "2017-04-24 22:22:11"
        },
        {
            "idDrink": "17835",
            "strDrink": "Abilene",
            "strDrinkAlternate": null,
            "strTags": null,
            "strVideo": null,
            "strCategory": "Ordinary Drink",
            "strIBA": null,
            "strAlcoholic": "Alcoholic",
            "strGlass": "Highball glass",
            "strInstructions": "Pour all of the ingredients into a highball glass almost filled with ice cubes. Stir well.",
            "strInstructionsES": "Coloque todos los ingredientes en un vaso alto casi lleno de cubitos de hielo. Sacudir bien.",
            "strInstructionsDE": null,
            "strInstructionsFR": null,
            "strInstructionsIT": "Versare tutti gli ingredienti in un bicchiere highball riempito di cubetti di ghiaccio. Mescolare bene.",
            "strInstructionsZH-HANS": null,
            "strInstructionsZH-HANT": null,
            "strDrinkThumb": "https:\/\/www.thecocktaildb.com\/images\/media\/drink\/smb2oe1582479072.jpg",
            "strIngredient1": "Dark rum",
            "strIngredient2": "Peach nectar",
            "strIngredient3": "Orange juice",
            "strIngredient4": null,
            "strIngredient5": null,
            "strIngredient6": null,
            "strIngredient7": null,
            "strIngredient8": null,
            "strIngredient9": null,
            "strIngredient10": null,
            "strIngredient11": null,
            "strIngredient12": null,
            "strIngredient13": null,
            "strIngredient14": null,
            "strIngredient15": null,
            "strMeasure1": "1 1\/2 oz ",
            "strMeasure2": "2 oz ",
            "strMeasure3": "3 oz ",
            "strMeasure4": null,
            "strMeasure5": null,
            "strMeasure6": null,
            "strMeasure7": null,
            "strMeasure8": null,
            "strMeasure9": null,
            "strMeasure10": null,
            "strMeasure11": null,
            "strMeasure12": null,
            "strMeasure13": null,
            "strMeasure14": null,
            "strMeasure15": null,
            "strImageSource": null,
            "strImageAttribution": null,
            "strCreativeCommonsConfirmed": "Yes",
            "dateModified": "2016-04-29 09:44:25"
        },
        {
            "idDrink": "17228",
            "strDrink": "Addison",
            "strDrinkAlternate": null,
            "strTags": null,
            "strVideo": null,
            "strCategory": "Cocktail",
            "strIBA": null,
            "strAlcoholic": "Alcoholic",
            "strGlass": "Martini Glass",
            "strInstructions": "Shake together all the ingredients and strain into a cold glass.",
            "strInstructionsES": "Agitar todos los ingredientes y colar la mezcla en un vaso enfriado.",
            "strInstructionsDE": "Alle Zutaten vermengen und in ein kaltes Glas abseihen.",
            "strInstructionsFR": null,
            "strInstructionsIT": "Shakerare insieme tutti gli ingredienti e filtrare in un bicchiere freddo.",
            "strInstructionsZH-HANS": null,
            "strInstructionsZH-HANT": null,
            "strDrinkThumb": "https:\/\/www.thecocktaildb.com\/images\/media\/drink\/yzva7x1504820300.jpg",
            "strIngredient1": "Gin",
            "strIngredient2": "Vermouth",
            "strIngredient3": null,
            "strIngredient4": null,
            "strIngredient5": null,
            "strIngredient6": null,
            "strIngredient7": null,
            "strIngredient8": null,
            "strIngredient9": null,
            "strIngredient10": null,
            "strIngredient11": null,
            "strIngredient12": null,
            "strIngredient13": null,
            "strIngredient14": null,
            "strIngredient15": null,
            "strMeasure1": "1 1\/2 shot ",
            "strMeasure2": "1 1\/2 shot ",
            "strMeasure3": null,
            "strMeasure4": null,
            "strMeasure5": null,
            "strMeasure6": null,
            "strMeasure7": null,
            "strMeasure8": null,
            "strMeasure9": null,
            "strMeasure10": null,
            "strMeasure11": null,
            "strMeasure12": null,
            "strMeasure13": null,
            "strMeasure14": null,
            "strMeasure15": null,
            "strImageSource": null,
            "strImageAttribution": null,
            "strCreativeCommonsConfirmed": "No",
            "dateModified": "2017-09-07 22:38:20"
        },
        {
            "idDrink": "11023",
            "strDrink": "Almeria",
            "strDrinkAlternate": null,
            "strTags": null,
            "strVideo": null,
            "strCategory": "Ordinary Drink",
            "strIBA": null,
            "strAlcoholic": "Alcoholic",
            "strGlass": "Cocktail glass",
            "strInstructions": "In a shaker half-filled with ice cubes, combine all of the ingredients. Shake well. Strain into a cocktail glass.",
            "strInstructionsES": "En una coctelera llena hasta la mitad con cubitos de hielo, mezcla todos los ingredientes. Agitar bien. Colar el contenido en un vaso de c\u00f3ctel.",
            "strInstructionsDE": "In einem Shaker, der halb mit Eisw\u00fcrfeln gef\u00fcllt ist, alle Zutaten vermengen. Gut sch\u00fctteln. In ein Cocktailglas abseihen.",
            "strInstructionsFR": null,
            "strInstructionsIT": "In uno shaker riempito a met\u00e0 con cubetti di ghiaccio, unire tutti gli ingredienti.Agitare bene.Filtrare in un bicchiere da cocktail.",
            "strInstructionsZH-HANS": null,
            "strInstructionsZH-HANT": null,
            "strDrinkThumb": "https:\/\/www.thecocktaildb.com\/images\/media\/drink\/rwsyyu1483388181.jpg",
            "strIngredient1": "Dark rum",
            "strIngredient2": "Kahlua",
            "strIngredient3": "Egg white",
            "strIngredient4": null,
            "strIngredient5": null,
            "strIngredient6": null,
            "strIngredient7": null,
            "strIngredient8": null,
            "strIngredient9": null,
            "strIngredient10": null,
            "strIngredient11": null,
            "strIngredient12": null,
            "strIngredient13": null,
            "strIngredient14": null,
            "strIngredient15": null,
            "strMeasure1": "2 oz ",
            "strMeasure2": "1 oz ",
            "strMeasure3": "1 ",
            "strMeasure4": null,
            "strMeasure5": null,
            "strMeasure6": null,
            "strMeasure7": null,
            "strMeasure8": null,
            "strMeasure9": null,
            "strMeasure10": null,
            "strMeasure11": null,
            "strMeasure12": null,
            "strMeasure13": null,
            "strMeasure14": null,
            "strMeasure15": null,
            "strImageSource": null,
            "strImageAttribution": null,
            "strCreativeCommonsConfirmed": "No",
            "dateModified": "2017-01-02 20:16:21"
        },
        {
            "idDrink": "17836",
            "strDrink": "Acapulco",
            "strDrinkAlternate": null,
            "strTags": null,
            "strVideo": null,
            "strCategory": "Ordinary Drink",
            "strIBA": null,
            "strAlcoholic": "Alcoholic",
            "strGlass": "Old-fashioned glass",
            "strInstructions": "Combine and shake all ingredients (except mint) with ice and strain into an old-fashioned glass over ice cubes. Add the sprig of mint and serve.",
            "strInstructionsES": "Mezcle y agite todos los ingredientes (excepto la menta) con hielo y cu\u00e9lelos en un vaso de rocas sobre cubitos de hielo. A\u00f1adir una ramita de menta y servir.",
            "strInstructionsDE": "Alle Zutaten (au\u00dfer Minze) mit Eis mischen und sch\u00fctteln und in ein old-fashioned Glas \u00fcber Eisw\u00fcrfel abseihen. Den Minzzweig dazugeben und servieren.",
            "strInstructionsFR": null,
            "strInstructionsIT": "Unire e scuotere tutti gli ingredienti (tranne la menta) con ghiaccio e filtrare in un bicchiere vecchio stile su cubetti di ghiaccio.Aggiungere il rametto di menta e servire.",
            "strInstructionsZH-HANS": null,
            "strInstructionsZH-HANT": null,
            "strDrinkThumb": "https:\/\/www.thecocktaildb.com\/images\/media\/drink\/il9e0r1582478841.jpg",
            "strIngredient1": "Light rum",
            "strIngredient2": "Triple sec",
            "strIngredient3": "Lime juice",
            "strIngredient4": "Sugar",
            "strIngredient5": "Egg white",
            "strIngredient6": "Mint",
            "strIngredient7": null,
            "strIngredient8": null,
            "strIngredient9": null,
            "strIngredient10": null,
            "strIngredient11": null,
            "strIngredient12": null,
            "strIngredient13": null,
            "strIngredient14": null,
            "strIngredient15": null,
            "strMeasure1": "1 1\/2 oz ",
            "strMeasure2": "1 1\/2 tsp ",
            "strMeasure3": "1 tblsp ",
            "strMeasure4": "1 tsp ",
            "strMeasure5": "1 ",
            "strMeasure6": "1 ",
            "strMeasure7": null,
            "strMeasure8": null,
            "strMeasure9": null,
            "strMeasure10": null,
            "strMeasure11": null,
            "strMeasure12": null,
            "strMeasure13": null,
            "strMeasure14": null,
            "strMeasure15": null,
            "strImageSource": null,
            "strImageAttribution": null,
            "strCreativeCommonsConfirmed": "Yes",
            "dateModified": "2016-09-02 11:26:16"
        },
        {
            "idDrink": "17840",
            "strDrink": "Affinity",
            "strDrinkAlternate": null,
            "strTags": null,
            "strVideo": null,
            "strCategory": "Ordinary Drink",
            "strIBA": null,
            "strAlcoholic": "Alcoholic",
            "strGlass": "Cocktail glass",
            "strInstructions": "In a mixing glass half-filled with ice cubes, combine all of the ingredients. Stir well. Strain into a cocktail glass.",
            "strInstructionsES": "En un vaso mezclador lleno hasta la mitad con cubitos de hielo, combine todos los ingredientes. Sacudir bien. Colar en un vaso de c\u00f3ctel.",
            "strInstructionsDE": "In einem Mischglas, das halb mit Eisw\u00fcrfeln gef\u00fcllt ist, alle Zutaten vermengen. Gut umr\u00fchren. In ein Cocktailglas abseihen.",
            "strInstructionsFR": null,
            "strInstructionsIT": "In un mixing glass riempito a met\u00e0 con cubetti di ghiaccio, unire tutti gli ingredienti. Filtrare in un bicchiere da cocktail. Mescolare bene.",
            "strInstructionsZH-HANS": null,
            "strInstructionsZH-HANT": null,
            "strDrinkThumb": "https:\/\/www.thecocktaildb.com\/images\/media\/drink\/wzdtnn1582477684.jpg",
            "strIngredient1": "Scotch",
            "strIngredient2": "Sweet Vermouth",
            "strIngredient3": "Dry Vermouth",
            "strIngredient4": "Orange bitters",
            "strIngredient5": null,
            "strIngredient6": null,
            "strIngredient7": null,
            "strIngredient8": null,
            "strIngredient9": null,
            "strIngredient10": null,
            "strIngredient11": null,
            "strIngredient12": null,
            "strIngredient13": null,
            "strIngredient14": null,
            "strIngredient15": null,
            "strMeasure1": "1 1\/2 oz ",
            "strMeasure2": "1 oz ",
            "strMeasure3": "1 oz ",
            "strMeasure4": "2 dashes ",
            "strMeasure5": null,
            "strMeasure6": null,
            "strMeasure7": null,
            "strMeasure8": null,
            "strMeasure9": null,
            "strMeasure10": null,
            "strMeasure11": null,
            "strMeasure12": null,
            "strMeasure13": null,
            "strMeasure14": null,
            "strMeasure15": null,
            "strImageSource": null,
            "strImageAttribution": null,
            "strCreativeCommonsConfirmed": "Yes",
            "dateModified": "2017-09-07 21:44:05"
        },
        {
            "idDrink": "11046",
            "strDrink": "Applecar",
            "strDrinkAlternate": null,
            "strTags": null,
            "strVideo": null,
            "strCategory": "Ordinary Drink",
            "strIBA": null,
            "strAlcoholic": "Alcoholic",
            "strGlass": "Cocktail glass",
            "strInstructions": "Shake all ingredients with ice, strain into a cocktail glass, and serve.",
            "strInstructionsES": "Agitar todos los ingredientes con hielo, colar en un vaso de c\u00f3ctel y servir.",
            "strInstructionsDE": "Alle Zutaten mit Eis sch\u00fctteln, in ein Cocktailglas abseihen und servieren.",
            "strInstructionsFR": null,
            "strInstructionsIT": "Shakerare tutti gli ingredienti con ghiaccio, filtrare in una coppetta da cocktail e servire.",
            "strInstructionsZH-HANS": null,
            "strInstructionsZH-HANT": null,
            "strDrinkThumb": "https:\/\/www.thecocktaildb.com\/images\/media\/drink\/sbffau1504389764.jpg",
            "strIngredient1": "Applejack",
            "strIngredient2": "Triple sec",
            "strIngredient3": "Lemon juice",
            "strIngredient4": null,
            "strIngredient5": null,
            "strIngredient6": null,
            "strIngredient7": null,
            "strIngredient8": null,
            "strIngredient9": null,
            "strIngredient10": null,
            "strIngredient11": null,
            "strIngredient12": null,
            "strIngredient13": null,
            "strIngredient14": null,
            "strIngredient15": null,
            "strMeasure1": "1 oz ",
            "strMeasure2": "1 oz ",
            "strMeasure3": "1 oz ",
            "strMeasure4": null,
            "strMeasure5": null,
            "strMeasure6": null,
            "strMeasure7": null,
            "strMeasure8": null,
            "strMeasure9": null,
            "strMeasure10": null,
            "strMeasure11": null,
            "strMeasure12": null,
            "strMeasure13": null,
            "strMeasure14": null,
            "strMeasure15": null,
            "strImageSource": null,
            "strImageAttribution": null,
            "strCreativeCommonsConfirmed": "No",
            "dateModified": "2017-09-02 23:02:44"
        },
        {
            "idDrink": "17180",
            "strDrink": "Aviation",
            "strDrinkAlternate": null,
            "strTags": "IBA,Classic",
            "strVideo": "https:\/\/www.youtube.com\/watch?v=oOHH0GGglyM",
            "strCategory": "Cocktail",
            "strIBA": "Unforgettables",
            "strAlcoholic": "Alcoholic",
            "strGlass": "Cocktail glass",
            "strInstructions": "Add all ingredients into cocktail shaker filled with ice. Shake well and strain into cocktail glass. Garnish with a cherry.",
            "strInstructionsES": "Agregue todos los ingredientes a una coctelera llena de hielo. Agitar bien y colar en un vaso de c\u00f3ctel. Decorar con una cereza.",
            "strInstructionsDE": "Alle Zutaten in den mit Eis gef\u00fcllten Cocktailshaker geben. Gut sch\u00fctteln und in ein Cocktailglas abseihen. Mit einer Kirsche garnieren.",
            "strInstructionsFR": null,
            "strInstructionsIT": "Aggiungi tutti gli ingredienti in uno shaker pieno di ghiaccio.\r\nShakerare bene e filtrare in una coppetta da cocktail.\r\nGuarnire con una ciliegia.",
            "strInstructionsZH-HANS": null,
            "strInstructionsZH-HANT": null,
            "strDrinkThumb": "https:\/\/www.thecocktaildb.com\/images\/media\/drink\/trbplb1606855233.jpg",
            "strIngredient1": "Gin",
            "strIngredient2": "lemon juice",
            "strIngredient3": "maraschino liqueur",
            "strIngredient4": null,
            "strIngredient5": null,
            "strIngredient6": null,
            "strIngredient7": null,
            "strIngredient8": null,
            "strIngredient9": null,
            "strIngredient10": null,
            "strIngredient11": null,
            "strIngredient12": null,
            "strIngredient13": null,
            "strIngredient14": null,
            "strIngredient15": null,
            "strMeasure1": "4.5 cl",
            "strMeasure2": "1.5 cl",
            "strMeasure3": "1.5 cl",
            "strMeasure4": null,
            "strMeasure5": null,
            "strMeasure6": null,
            "strMeasure7": null,
            "strMeasure8": null,
            "strMeasure9": null,
            "strMeasure10": null,
            "strMeasure11": null,
            "strMeasure12": null,
            "strMeasure13": null,
            "strMeasure14": null,
            "strMeasure15": null,
            "strImageSource": "https:\/\/www.flickr.com\/photos\/mstyne\/27859363080\/in\/dateposted\/",
            "strImageAttribution": "Michael Styne https:\/\/www.flickr.com\/photos\/mstyne\/",
            "strCreativeCommonsConfirmed": "Yes",
            "dateModified": "2016-11-04 09:55:28"
        },
        {
            "idDrink": "16333",
            "strDrink": "Adam Bomb",
            "strDrinkAlternate": null,
            "strTags": null,
            "strVideo": null,
            "strCategory": "Punch \/ Party Drink",
            "strIBA": null,
            "strAlcoholic": "Alcoholic",
            "strGlass": "Margarita\/Coupette glass",
            "strInstructions": "Add ice to blender (or to glass if prefer on the rocks) then fruit, and fruite juice depending on personal prefference then add the Rum, Vodka, Tequila, and triple sec. blend till smooth, rim glass with sugar or salt and pour mixture in. garnish with lemon or lime slice.",
            "strInstructionsES": "Agregue hielo a la licuadora (o al vaso, si lo prefiere). Agregue las frutas y el jugo de frutas seg\u00fan sus preferencias personales, despu\u00e9s agregue el Ron, el Vodka, el Tequila y el Triple Dry. Bate hasta que quede homogeneo, decora el vaso con az\u00facar o sal en el borde y vierte la mezcla. Adorne con una rodaja de lima o lim\u00f3n.",
            "strInstructionsDE": "Eis in den Mixer (oder in ein Glas, wenn Sie lieber On the Rocks bevorzugen), dann Obst und Fruchtsaft je nach pers\u00f6nlicher Vorliebe, dann Rum, Wodka, Tequila und Triple Sec. zugeben, bis sie glattfl\u00e4chig sind, Glas mit Zucker oder Salz einr\u00fchren und die Mischung hineingeben. Mit Zitronen- oder Limonenscheibe garnieren.",
            "strInstructionsFR": null,
            "strInstructionsIT": "Aggiungere il ghiaccio al frullatore (o al bicchiere se si preferisce con ghiaccio) poi la frutta e il succo di frutta a seconda delle preferenze personali, quindi aggiungere il rum, la vodka, la tequila e il triple sec.\r\nFrullare fino a che non diventa liscio, riempire l'orlo del bicchiere con zucchero o sale, e versare il composto.\r\nGuarnire con una fetta di limone o lime.",
            "strInstructionsZH-HANS": null,
            "strInstructionsZH-HANT": null,
            "strDrinkThumb": "https:\/\/www.thecocktaildb.com\/images\/media\/drink\/tpxurs1454513016.jpg",
            "strIngredient1": "Rum",
            "strIngredient2": "Vodka",
            "strIngredient3": "Tequila",
            "strIngredient4": "Triple sec",
            "strIngredient5": "Fruit",
            "strIngredient6": "Ice",
            "strIngredient7": "Salt",
            "strIngredient8": "Fruit juice",
            "strIngredient9": null,
            "strIngredient10": null,
            "strIngredient11": null,
            "strIngredient12": null,
            "strIngredient13": null,
            "strIngredient14": null,
            "strIngredient15": null,
            "strMeasure1": "1 part ",
            "strMeasure2": "1 part ",
            "strMeasure3": "1 part ",
            "strMeasure4": "1\/2 part ",
            "strMeasure5": null,
            "strMeasure6": null,
            "strMeasure7": "1-3 pint ",
            "strMeasure8": null,
            "strMeasure9": null,
            "strMeasure10": null,
            "strMeasure11": null,
            "strMeasure12": null,
            "strMeasure13": null,
            "strMeasure14": null,
            "strMeasure15": null,
            "strImageSource": null,
            "strImageAttribution": null,
            "strCreativeCommonsConfirmed": "No",
            "dateModified": "2016-02-03 15:23:36"
        },
        {
            "idDrink": "17227",
            "strDrink": "Addington",
            "strDrinkAlternate": null,
            "strTags": null,
            "strVideo": null,
            "strCategory": "Cocktail",
            "strIBA": null,
            "strAlcoholic": "Alcoholic",
            "strGlass": "Cocktail glass",
            "strInstructions": "Mix both the vermouth's in a shaker and strain into a cold glass. Top up with a squirt of Soda Water. ",
            "strInstructionsES": "Mezclar el vermut en una coctelera y colar en una copa fr\u00eda. Rellene con un chorro de agua con gas.",
            "strInstructionsDE": "Mischen Sie beide Wermutarten in einem Shaker und sieben Sie sie in ein kaltes Glas. Mit einem Spritzer Sodawasser auff\u00fcllen.",
            "strInstructionsFR": null,
            "strInstructionsIT": "Rabboccare con l'acqua di seltz.Mescolare entrambi i vermut in uno shaker e filtrare in un bicchiere freddo.",
            "strInstructionsZH-HANS": null,
            "strInstructionsZH-HANT": null,
            "strDrinkThumb": "https:\/\/www.thecocktaildb.com\/images\/media\/drink\/ib0b7g1504818925.jpg",
            "strIngredient1": "Sweet Vermouth",
            "strIngredient2": "Dry Vermouth",
            "strIngredient3": "Soda Water",
            "strIngredient4": null,
            "strIngredient5": null,
            "strIngredient6": null,
            "strIngredient7": null,
            "strIngredient8": null,
            "strIngredient9": null,
            "strIngredient10": null,
            "strIngredient11": null,
            "strIngredient12": null,
            "strIngredient13": null,
            "strIngredient14": null,
            "strIngredient15": null,
            "strMeasure1": "2 shots ",
            "strMeasure2": "1 shot ",
            "strMeasure3": "Top up with\r\n",
            "strMeasure4": null,
            "strMeasure5": null,
            "strMeasure6": null,
            "strMeasure7": null,
            "strMeasure8": null,
            "strMeasure9": null,
            "strMeasure10": null,
            "strMeasure11": null,
            "strMeasure12": null,
            "strMeasure13": null,
            "strMeasure14": null,
            "strMeasure15": null,
            "strImageSource": null,
            "strImageAttribution": null,
            "strCreativeCommonsConfirmed": "No",
            "dateModified": "2017-09-07 22:15:25"
        },
        {
            "idDrink": "15182",
            "strDrink": "After sex",
            "strDrinkAlternate": null,
            "strTags": null,
            "strVideo": null,
            "strCategory": "Ordinary Drink",
            "strIBA": null,
            "strAlcoholic": "Alcoholic",
            "strGlass": "Highball glass",
            "strInstructions": "Pour the vodka and creme over some ice cubes in a tall glass and fill up with juice. to make it beuty full make the top of the glass with a grenadine and sugar",
            "strInstructionsES": "Vierta el vodka y la crema de pl\u00e1tano sobre unos cubitos de hielo en un vaso alto y rell\u00e9nelo con el jugo de naranja. Para que quede bonito, pruebe a escarchar el borde de la copa con granadina y az\u00facar.",
            "strInstructionsDE": "Gie\u00dfen Sie den Wodka und die Sahne \u00fcber einige Eisw\u00fcrfel in ein hohes Glas und f\u00fcllen Sie ihn mit Saft. Damit es voll ist, verzieren Sie die Oberseite des Glases mit einer Grenadine und Zucker.",
            "strInstructionsFR": null,
            "strInstructionsIT": "Versare la vodka e la crema su alcuni cubetti di ghiaccio in un bicchiere alto e riempire di succo.\r\nPer renderlo bello, versare nella parte superiore del bicchiere un po\u2019 di granatina e nei bordi mettere un po\u2019 di zucchero",
            "strInstructionsZH-HANS": null,
            "strInstructionsZH-HANT": null,
            "strDrinkThumb": "https:\/\/www.thecocktaildb.com\/images\/media\/drink\/xrl66i1493068702.jpg",
            "strIngredient1": "Vodka",
            "strIngredient2": "Creme de Banane",
            "strIngredient3": "Orange juice",
            "strIngredient4": null,
            "strIngredient5": null,
            "strIngredient6": null,
            "strIngredient7": null,
            "strIngredient8": null,
            "strIngredient9": null,
            "strIngredient10": null,
            "strIngredient11": null,
            "strIngredient12": null,
            "strIngredient13": null,
            "strIngredient14": null,
            "strIngredient15": null,
            "strMeasure1": "2 cl ",
            "strMeasure2": "1 cl ",
            "strMeasure3": null,
            "strMeasure4": null,
            "strMeasure5": null,
            "strMeasure6": null,
            "strMeasure7": null,
            "strMeasure8": null,
            "strMeasure9": null,
            "strMeasure10": null,
            "strMeasure11": null,
            "strMeasure12": null,
            "strMeasure13": null,
            "strMeasure14": null,
            "strMeasure15": null,
            "strImageSource": null,
            "strImageAttribution": null,
            "strCreativeCommonsConfirmed": "No",
            "dateModified": "2017-04-24 22:18:22"
        },
        {
            "idDrink": "12560",
            "strDrink": "Afterglow",
            "strDrinkAlternate": null,
            "strTags": null,
            "strVideo": null,
            "strCategory": "Cocktail",
            "strIBA": null,
            "strAlcoholic": "Non alcoholic",
            "strGlass": "Highball Glass",
            "strInstructions": "Mix. Serve over ice.",
            "strInstructionsES": "Mezcla. Servir con hielo.",
            "strInstructionsDE": "Mischen. Auf Eis servieren.",
            "strInstructionsFR": null,
            "strInstructionsIT": "Servire con ghiaccio.Mescolare.",
            "strInstructionsZH-HANS": null,
            "strInstructionsZH-HANT": null,
            "strDrinkThumb": "https:\/\/www.thecocktaildb.com\/images\/media\/drink\/vuquyv1468876052.jpg",
            "strIngredient1": "Grenadine",
            "strIngredient2": "Orange juice",
            "strIngredient3": "Pineapple juice",
            "strIngredient4": null,
            "strIngredient5": null,
            "strIngredient6": null,
            "strIngredient7": null,
            "strIngredient8": null,
            "strIngredient9": null,
            "strIngredient10": null,
            "strIngredient11": null,
            "strIngredient12": null,
            "strIngredient13": null,
            "strIngredient14": null,
            "strIngredient15": null,
            "strMeasure1": "1 part ",
            "strMeasure2": "4 parts ",
            "strMeasure3": "4 parts ",
            "strMeasure4": null,
            "strMeasure5": null,
            "strMeasure6": null,
            "strMeasure7": null,
            "strMeasure8": null,
            "strMeasure9": null,
            "strMeasure10": null,
            "strMeasure11": null,
            "strMeasure12": null,
            "strMeasure13": null,
            "strMeasure14": null,
            "strMeasure15": null,
            "strImageSource": null,
            "strImageAttribution": null,
            "strCreativeCommonsConfirmed": "No",
            "dateModified": "2016-07-18 22:07:32"
        },
        {
            "idDrink": "13162",
            "strDrink": "Afternoon",
            "strDrinkAlternate": null,
            "strTags": null,
            "strVideo": null,
            "strCategory": "Coffee \/ Tea",
            "strIBA": null,
            "strAlcoholic": "Alcoholic",
            "strGlass": "Collins Glass",
            "strInstructions": "Build into a suiting glass, with no ice. Cream on top if wanted. Served directly.",
            "strInstructionsES": "Preparar en un vaso adecuado, sin hielo. Crema encima, si gustas. Servido directamente.",
            "strInstructionsDE": "In ein passendes Glas geben, ohne Eis. Auf Wunsch mit Sahne \u00fcberziehen. Direkt serviert.",
            "strInstructionsFR": null,
            "strInstructionsIT": "Incorpora un bicchiere adatto, senza ghiaccio.\r\nCrema in cima se lo si desidera.\r\nServito direttamente.",
            "strInstructionsZH-HANS": null,
            "strInstructionsZH-HANT": null,
            "strDrinkThumb": "https:\/\/www.thecocktaildb.com\/images\/media\/drink\/vyrurp1472667777.jpg",
            "strIngredient1": "Kahlua",
            "strIngredient2": "Baileys irish cream",
            "strIngredient3": "Frangelico",
            "strIngredient4": "Coffee",
            "strIngredient5": "Cream",
            "strIngredient6": null,
            "strIngredient7": null,
            "strIngredient8": null,
            "strIngredient9": null,
            "strIngredient10": null,
            "strIngredient11": null,
            "strIngredient12": null,
            "strIngredient13": null,
            "strIngredient14": null,
            "strIngredient15": null,
            "strMeasure1": "1 cl ",
            "strMeasure2": "1 cl ",
            "strMeasure3": "1 1\/2 ",
            "strMeasure4": "4 cl hot ",
            "strMeasure5": null,
            "strMeasure6": null,
            "strMeasure7": null,
            "strMeasure8": null,
            "strMeasure9": null,
            "strMeasure10": null,
            "strMeasure11": null,
            "strMeasure12": null,
            "strMeasure13": null,
            "strMeasure14": null,
            "strMeasure15": null,
            "strImageSource": null,
            "strImageAttribution": null,
            "strCreativeCommonsConfirmed": "No",
            "dateModified": "2016-08-31 19:22:57"
        },
        {
            "idDrink": "11014",
            "strDrink": "Alexander",
            "strDrinkAlternate": null,
            "strTags": "IBA,Classic,Dairy",
            "strVideo": "https:\/\/www.youtube.com\/watch?v=qEhRK_v2w2g",
            "strCategory": "Ordinary Drink",
            "strIBA": "Unforgettables",
            "strAlcoholic": "Alcoholic",
            "strGlass": "Cocktail glass",
            "strInstructions": "Shake all ingredients with ice and strain contents into a cocktail glass. Sprinkle nutmeg on top and serve.",
            "strInstructionsES": "Agite todos los ingredientes con hielo y cuele el contenido en una copa de c\u00f3ctel. Espolvorea nuez moscada encima y sirve.",
            "strInstructionsDE": "Alle Zutaten mit Eis sch\u00fctteln und in ein Cocktailglas abseihen. Muskatnuss dar\u00fcber streuen und servieren.",
            "strInstructionsFR": null,
            "strInstructionsIT": "Shakerare tutti gli ingredienti con ghiaccio e filtrare il contenuto in un bicchiere da cocktail. Cospargere di noce moscata e servire.",
            "strInstructionsZH-HANS": null,
            "strInstructionsZH-HANT": null,
            "strDrinkThumb": "https:\/\/www.thecocktaildb.com\/images\/media\/drink\/0clus51606772388.jpg",
            "strIngredient1": "Gin",
            "strIngredient2": "Creme de Cacao",
            "strIngredient3": "Light cream",
            "strIngredient4": "Nutmeg",
            "strIngredient5": null,
            "strIngredient6": null,
            "strIngredient7": null,
            "strIngredient8": null,
            "strIngredient9": null,
            "strIngredient10": null,
            "strIngredient11": null,
            "strIngredient12": null,
            "strIngredient13": null,
            "strIngredient14": null,
            "strIngredient15": null,
            "strMeasure1": "1\/2 oz ",
            "strMeasure2": "1\/2 oz white ",
            "strMeasure3": "2 oz ",
            "strMeasure4": null,
            "strMeasure5": null,
            "strMeasure6": null,
            "strMeasure7": null,
            "strMeasure8": null,
            "strMeasure9": null,
            "strMeasure10": null,
            "strMeasure11": null,
            "strMeasure12": null,
            "strMeasure13": null,
            "strMeasure14": null,
            "strMeasure15": null,
            "strImageSource": "https:\/\/www.pxfuel.com\/en\/free-photo-expqp",
            "strImageAttribution": "pxfuel.com",
            "strCreativeCommonsConfirmed": "Yes",
            "dateModified": "2016-11-04 09:50:39"
        },
        {
            "idDrink": "11020",
            "strDrink": "Algonquin",
            "strDrinkAlternate": null,
            "strTags": null,
            "strVideo": null,
            "strCategory": "Ordinary Drink",
            "strIBA": null,
            "strAlcoholic": "Alcoholic",
            "strGlass": "Cocktail glass",
            "strInstructions": "Combine and shake all ingredients with ice, strain contents into a cocktail glass, and serve.",
            "strInstructionsES": "Mezclar y agitar todos los ingredientes con hielo, colarlos en un vaso de c\u00f3ctel y servir.",
            "strInstructionsDE": "Alle Zutaten mit Eis mischen und sch\u00fctteln, Inhalt in ein Cocktailglas abseihen und servieren.",
            "strInstructionsFR": null,
            "strInstructionsIT": "Unire e scuotere tutti gli ingredienti con ghiaccio, filtrare il contenuto in una coppetta da cocktail e servire.",
            "strInstructionsZH-HANS": null,
            "strInstructionsZH-HANT": null,
            "strDrinkThumb": "https:\/\/www.thecocktaildb.com\/images\/media\/drink\/uwryxx1483387873.jpg",
            "strIngredient1": "Blended whiskey",
            "strIngredient2": "Dry Vermouth",
            "strIngredient3": "Pineapple juice",
            "strIngredient4": null,
            "strIngredient5": null,
            "strIngredient6": null,
            "strIngredient7": null,
            "strIngredient8": null,
            "strIngredient9": null,
            "strIngredient10": null,
            "strIngredient11": null,
            "strIngredient12": null,
            "strIngredient13": null,
            "strIngredient14": null,
            "strIngredient15": null,
            "strMeasure1": "1 1\/2 oz ",
            "strMeasure2": "1 oz ",
            "strMeasure3": "1 oz ",
            "strMeasure4": null,
            "strMeasure5": null,
            "strMeasure6": null,
            "strMeasure7": null,
            "strMeasure8": null,
            "strMeasure9": null,
            "strMeasure10": null,
            "strMeasure11": null,
            "strMeasure12": null,
            "strMeasure13": null,
            "strMeasure14": null,
            "strMeasure15": null,
            "strImageSource": null,
            "strImageAttribution": null,
            "strCreativeCommonsConfirmed": "No",
            "dateModified": "2017-01-02 20:11:13"
        },
        {
            "idDrink": "11021",
            "strDrink": "Allegheny",
            "strDrinkAlternate": null,
            "strTags": null,
            "strVideo": null,
            "strCategory": "Ordinary Drink",
            "strIBA": null,
            "strAlcoholic": "Alcoholic",
            "strGlass": "Cocktail glass",
            "strInstructions": "Shake all ingredients (except lemon peel) with ice and strain into a cocktail glass. Top with the twist of lemon peel and serve.",
            "strInstructionsES": "Agite todos los ingredientes (excepto el twist de lim\u00f3n) con hielo y cuele en un vaso de c\u00f3ctel. Cubra con el twist de lim\u00f3n y sirva.",
            "strInstructionsDE": "Alle Zutaten (au\u00dfer Zitronenschale) mit Eis sch\u00fctteln und in ein Cocktailglas abseihen. Mit der Drehung der Zitronenschale garnieren und servieren.",
            "strInstructionsFR": null,
            "strInstructionsIT": "Shakerare tutti gli ingredienti (tranne la buccia di limone) con ghiaccio e filtrare in una coppetta da cocktail.Completare con la scorza di limone e servire.",
            "strInstructionsZH-HANS": null,
            "strInstructionsZH-HANT": null,
            "strDrinkThumb": "https:\/\/www.thecocktaildb.com\/images\/media\/drink\/uwvyts1483387934.jpg",
            "strIngredient1": "Dry Vermouth",
            "strIngredient2": "Bourbon",
            "strIngredient3": "Blackberry brandy",
            "strIngredient4": "Lemon juice",
            "strIngredient5": "Lemon peel",
            "strIngredient6": null,
            "strIngredient7": null,
            "strIngredient8": null,
            "strIngredient9": null,
            "strIngredient10": null,
            "strIngredient11": null,
            "strIngredient12": null,
            "strIngredient13": null,
            "strIngredient14": null,
            "strIngredient15": null,
            "strMeasure1": "1 oz ",
            "strMeasure2": "1 oz ",
            "strMeasure3": "1 1\/2 tsp ",
            "strMeasure4": "1 1\/2 tsp ",
            "strMeasure5": "1 twist of ",
            "strMeasure6": null,
            "strMeasure7": null,
            "strMeasure8": null,
            "strMeasure9": null,
            "strMeasure10": null,
            "strMeasure11": null,
            "strMeasure12": null,
            "strMeasure13": null,
            "strMeasure14": null,
            "strMeasure15": null,
            "strImageSource": null,
            "strImageAttribution": null,
            "strCreativeCommonsConfirmed": "No",
            "dateModified": "2017-01-02 20:12:14"
        }
    ]
}